GO,n_genes,mean_clip_enrichment,mean_ribo_density_change,clip_p,ribo_p,TERM,ontology,clip_fdr,ribo_fdr,combined_fdr,neglog10_fdr
GO:0003676,495,-0.6587029424214416,-0.518563389331258,0.025648745168937157,6.211441092049203e-41,nucleic acid binding,MF,0.12970895575966793,2.0839384863825074e-38,2.0839384863825074e-38,37.68111510467142
GO:0003682,454,-0.5909294069930145,-0.48001119573912704,0.32423489354917706,9.069717387874796e-30,chromatin binding,MF,0.5885690438218611,1.521445091815997e-27,1.521445091815997e-27,26.817743716491236
GO:0003729,244,-0.6349017509027599,-0.5518379102559416,0.36092314493416483,2.9901276127443623e-25,mRNA binding,MF,0.6135653036654002,2.866250897359239e-23,2.866250897359239e-23,22.542685796294066
GO:0022857,128,-0.05572845693112702,0.3244107886611536,2.0521228893625726e-6,3.5740476128934677e-22,transmembrane transporter activity,MF,9.835531848302045e-5,2.997732435314396e-20,2.997732435314396e-20,19.52320713301282
GO:0004386,124,-0.8844796667800243,-0.6913259059413268,2.7118346648529726e-4,6.95164551416304e-22,helicase activity,MF,0.005055103020946996,5.182837933337111e-20,5.182837933337111e-20,19.285432371279676
GO:0016757,167,0.1113839400669905,0.2215390319120921,2.845907158367336e-12,3.125575180507797e-17,glycosyltransferase activity,MF,6.365345677548275e-10,1.74771745510061e-15,1.74771745510061e-15,14.757528776283387
GO:0003724,69,-0.9772170015231001,-0.7554754892376431,6.053073902806624e-4,1.1916042873767991e-15,RNA helicase activity,MF,0.008319510687474555,5.711189120213088e-14,5.711189120213088e-14,13.243273458377505
GO:0004888,82,0.23544942791539275,0.3649653343551895,7.481772007562236e-10,1.9083099871559368e-15,transmembrane signaling receptor activity,MF,1.004053803414852e-7,8.536506675877558e-14,8.536506675877558e-14,13.06871981570082
GO:0005509,372,-0.04738312384579784,0.022883293796762894,1.7295308670500025e-15,4.447489907448316e-12,calcium ion binding,MF,1.1605152117905517e-12,1.0658091885349359e-10,1.1605152117905517e-12,11.935349162529564
GO:0003713,231,-0.7158723890775044,-0.4660559901710616,0.01734958874901775,4.4494105880216104e-14,transcription coactivator activity,MF,0.10152454330926294,1.6586413914236116e-12,1.6586413914236116e-12,11.78024750099242
GO:0038023,94,0.3676453942670848,0.2825172762531806,2.2926453931158606e-14,4.3015714826205174e-14,signaling receptor activity,MF,7.691825293903713e-12,1.6586413914236116e-12,1.6586413914236116e-12,11.78024750099242
GO:0004930,109,0.10372604577175996,0.2528584530276621,1.2479505253376135e-8,8.297897243759115e-14,G protein-coupled receptor activity,MF,1.0467185031269232e-6,2.930467921348614e-12,2.930467921348614e-12,11.533063028303019
GO:0015293,68,0.015392880251560014,0.37957917312038386,2.697541655922778e-4,1.0976661368115217e-13,symporter activity,MF,0.005055103020946996,3.682669889002655e-12,3.682669889002655e-12,11.433837209141268
GO:0003779,299,-0.475499874064932,-0.42451773480137406,0.3321073455031743,2.9785401096942136e-13,actin binding,MF,0.5898171926960577,9.121734766310638e-12,9.121734766310638e-12,11.039922559940113
GO:0005201,57,0.06756169574290388,0.4149435243103418,5.919142478538795e-5,2.990732710265783e-13,extracellular matrix structural constituent,MF,0.00128120793648372,9.121734766310638e-12,9.121734766310638e-12,11.039922559940113
GO:0019901,445,-0.6880367639557541,-0.3667903901010358,8.367928040992787e-4,3.724550063323454e-13,protein kinase binding,MF,0.01059411267076634,1.0865969967347991e-11,1.0865969967347991e-11,10.963931499655056
GO:0031267,267,-0.6261655655048985,-0.42252146754848235,0.07641038506618675,5.746355099892257e-13,small GTPase binding,MF,0.2538186553436203,1.606585113344877e-11,1.606585113344877e-11,10.794096261536767
GO:0016887,327,-0.4589062309863095,-0.4111434454518055,0.37655310116760904,2.0036765200511834e-12,ATP hydrolysis activity,MF,0.6162612948377211,5.377867779817376e-11,5.377867779817376e-11,10.269389879539567
GO:0019838,35,0.46251518242292505,0.5344892356924604,4.303839237586696e-6,3.3878601871696453e-12,growth factor binding,MF,1.6987506637768663e-4,8.743285329195508e-11,8.743285329195508e-11,10.058325348573389
GO:0005096,203,-0.8004513116780992,-0.4529027900146236,4.565354954195683e-4,4.2796969508273824e-12,GTPase activator activity,MF,0.006807451498367341,1.0635839459278421e-10,1.0635839459278421e-10,9.973228226669137
GO:0003700,376,-0.6507133255419427,-0.37742112740032563,0.09119041355337726,6.245032678629257e-12,DNA-binding transcription factor activity,MF,0.279400764814229,1.4449713542621487e-10,1.4449713542621487e-10,9.840140762463967
GO:0008201,78,0.31544251888815605,0.2464424079554802,6.816483366229316e-11,4.4350321318752115e-11,heparin binding,MF,1.1434650846849678e-8,9.91968853496089e-10,9.91968853496089e-10,9.003501963901403
GO:0051015,175,-0.48263701567308565,-0.4696765435108954,0.6000943376889458,4.943677446769969e-11,actin filament binding,MF,0.7829224653776098,1.070066957026661e-9,1.070066957026661e-9,8.970589046466747
GO:0061629,151,-0.6574714289297237,-0.4735149767268952,0.21377407774906917,7.301526184522139e-11,RNA polymerase II-specific DNA-binding transcription factor binding,MF,0.46572209795332925,1.531038771816986e-9,1.531038771816986e-9,8.815013811148269
GO:0003730,87,-0.6880067948419387,-0.5572710760485748,0.33265645064092675,1.1882554004349962e-10,mRNA 3'-UTR binding,MF,0.5898171926960577,2.4161193142178255e-9,2.4161193142178255e-9,8.6168816229371
GO:0015297,79,-0.06425854380218143,0.2544836131379776,5.918522492079285e-4,1.3930496101577386e-10,antiporter activity,MF,0.008319510687474555,2.7492243776936544e-9,2.7492243776936544e-9,8.560789813806009
GO:0042393,142,-0.6299972155382608,-0.4902429034878376,0.3514060569079508,3.5884980617139514e-10,histone binding,MF,0.6030523380696547,6.879663426885889e-9,6.879663426885889e-9,8.162432808192067
GO:0001228,275,-0.6716114559448745,-0.39000679973797747,0.048958249677658536,4.4120155139726777e-10,"DNA-binding transcription activator activity, RNA polymerase II-specific",MF,0.19554158055779094,8.001249756420721e-9,8.001249756420721e-9,8.09684217301723
GO:0106310,300,-0.6968006263771069,-0.3719477434848246,0.01930626735926403,8.8142775124259e-10,protein serine kinase activity,MF,0.10978394405140818,1.5564158449573103e-8,1.5564158449573103e-8,7.807874356548263
GO:0003697,104,-0.6421783691036849,-0.5153451235485437,0.26164380380283264,4.142988348171617e-9,single-stranded DNA binding,MF,0.5289237787528007,7.1280645682645e-8,7.1280645682645e-8,7.147028374976516
GO:0017147,26,0.4616663320647488,0.5577237581311405,6.903905899256741e-6,5.033446449575981e-9,Wnt-protein binding,MF,2.4381688728427757e-4,8.443606419163707e-8,8.443606419163707e-8,7.0734720186103655
GO:0004714,34,0.7789175410097127,0.3880189891929379,9.680961383518019e-10,2.1006304805848644e-8,transmembrane receptor protein tyrosine kinase activity,MF,1.0826541813900984e-7,3.1322734499387644e-7,1.0826541813900984e-7,6.965510242449155
GO:0004674,342,-0.6433894024395019,-0.34643314141132836,0.07017476472422644,1.2908806016906013e-8,protein serine/threonine kinase activity,MF,0.24147316476900485,2.1126363017912038e-7,2.1126363017912038e-7,6.6751752619256335
GO:0043565,321,-0.5984802767842485,-0.368281669317572,0.37875950367127825,1.4318127418758334e-8,sequence-specific DNA binding,MF,0.6176489506352028,2.2874913090444863e-7,2.2874913090444863e-7,6.640640547290451
GO:0001227,206,-0.7103074745094843,-0.4122364998459566,0.10645384757188785,1.547498849385025e-8,"DNA-binding transcription repressor activity, RNA polymerase II-specific",MF,0.306568805668398,2.4148179719473295e-7,2.4148179719473295e-7,6.61711560063018
GO:0003824,259,-0.7749103454984035,-0.38306565495723877,2.712126807065452e-4,1.963692841704374e-8,catalytic activity,MF,0.005055103020946996,2.9946315835991703e-7,2.9946315835991703e-7,6.523656599335319
GO:0030246,106,-0.10910214028130415,0.14289330545201753,5.9100977628412753e-5,3.121009479819493e-8,carbohydrate binding,MF,0.00128120793648372,4.5526029586062605e-7,4.5526029586062605e-7,6.3417402237101
GO:0003714,176,-0.6998656362304342,-0.4216192207897576,0.13447280677866166,3.582043626300877e-8,transcription corepressor activity,MF,0.35349479286011276,5.113938879250826e-7,5.113938879250826e-7,6.291244466877286
GO:0003712,122,-0.7011795047770149,-0.4670301018505942,0.06700678418613608,3.770770283779775e-8,transcription coregulator activity,MF,0.23540079680050946,5.271222625867143e-7,5.271222625867143e-7,6.2780886413179795
GO:0005178,89,0.18767871150966958,0.13875181629316122,1.0572550446079106e-8,8.820522224582738e-8,integrin binding,MF,1.0134544784741544e-6,1.1555456693832015e-6,1.0134544784741544e-6,5.994195753819987
GO:1990837,310,-0.6579759955985419,-0.35512186313313326,0.08950286279565285,7.508959120660471e-8,sequence-specific double-stranded DNA binding,MF,0.27804588931749646,1.0282676673394238e-6,1.0282676673394238e-6,5.987893819857099
GO:0001222,51,-0.9975561369404721,-0.6433802268394153,0.020546622262413303,7.772412662209336e-8,transcription corepressor binding,MF,0.11476839145734594,1.043057779268493e-6,1.043057779268493e-6,5.9816916335461885
GO:0042826,105,-0.8121208713031319,-0.4764741497942284,0.01196266267124727,8.95504840654642e-8,histone deacetylase binding,MF,0.07703647297598691,1.1555456693832015e-6,1.1555456693832015e-6,5.937212885694025
GO:0005385,22,0.5613445659923,0.4548769032463804,3.658413226645122e-5,1.2606969513051446e-7,zinc ion transmembrane transporter activity,MF,9.44152028876491e-4,1.5960899138221736e-6,1.5960899138221736e-6,5.796942646834347
GO:0003735,161,-1.1236120676023165,-0.16480530829597567,2.2487102923501107e-8,0.5680625786486585,structural constituent of ribosome,MF,1.6765384512965827e-6,0.6617534553355032,1.6765384512965827e-6,5.775586481606214
GO:0008083,65,-0.24646315146884695,0.22161979694960549,0.01739988447178128,1.4215109766889188e-7,growth factor activity,MF,0.10152454330926294,1.766359009922712e-6,1.766359009922712e-6,5.7529210220594384
GO:0140359,26,0.24049807344293095,0.42200243104933804,6.075350576546248e-4,1.619815458624154e-7,ABC-type transporter activity,MF,0.008319510687474555,1.976174859521468e-6,1.976174859521468e-6,5.704174630008802
GO:0008094,30,-0.6564386327841645,-0.7199604151163901,0.5630630149074193,2.1730673805605117e-7,"ATP-dependent activity, acting on DNA",MF,0.7626293375891412,2.6038003792073276e-6,2.6038003792073276e-6,5.5843923140868945
GO:0019904,273,-0.5521010426356547,-0.35432986228305335,0.7651598236820131,2.491298707676095e-7,protein domain specific binding,MF,0.8817283662985786,2.8821748842252753e-6,2.8821748842252753e-6,5.540279670659545
GO:0016798,56,-0.22745802258424933,0.22888435551470096,0.033578197162310065,2.9432858321867406e-7,"hydrolase activity, acting on glycosyl bonds",MF,0.15060461951796772,3.3473640566055985e-6,3.3473640566055985e-6,5.475297051557143
GO:0004896,22,-0.0065739385711289615,0.4994077324987647,0.047863980357975,3.438875967945696e-7,cytokine receptor activity,MF,0.194646853455765,3.845809624152603e-6,3.845809624152603e-6,5.415012218076316
GO:0005518,44,0.3589733659774555,0.24257511889060576,5.341712509565273e-7,4.013402078126709e-7,collagen binding,MF,3.258444630834817e-5,4.41474228593938e-6,4.41474228593938e-6,5.355094643629151
GO:0016874,119,-0.7568944577609261,-0.456172501088467,0.011355286178753914,4.298184278324618e-7,ligase activity,MF,0.0754395745142958,4.651744597993256e-6,4.651744597993256e-6,5.332384138037987
GO:0004867,35,0.3640559225146508,0.30752202457810285,2.1736056188366195e-5,5.198391807642658e-7,serine-type endopeptidase inhibitor activity,MF,6.62949713745169e-4,5.5366998459178144e-6,5.5366998459178144e-6,5.256749019705502
GO:0000030,13,0.5371649638952204,0.6955176628807501,0.0014202952523711006,1.0034273302503419e-6,mannosyltransferase activity,MF,0.016281674352506083,1.0520308415593427e-5,1.0520308415593427e-5,4.977971528126482
GO:0008017,225,-0.4723867350614733,-0.3767620313303525,0.2319378419800505,1.1386626931232087e-6,microtubule binding,MF,0.48482956999568183,1.1754502570548816e-5,1.1754502570548816e-5,4.929795744713158
GO:0005200,56,-0.9109039770238964,-0.5433014579288279,0.03134359611024175,1.168750750412206e-6,structural constituent of cytoskeleton,MF,0.14810952809839587,1.1882299295857428e-5,1.1882299295857428e-5,4.9250995126475745
GO:0003678,36,-0.8636959163783897,-0.6522416144290375,0.06121182020852076,1.2824633248968492e-6,DNA helicase activity,MF,0.22322353999955127,1.284377449262367e-5,1.284377449262367e-5,4.891307328258831
GO:0000976,207,-0.6688081665514964,-0.37062915085220427,0.19986305041416863,1.310760431793591e-6,transcription cis-regulatory region binding,MF,0.4529609175612385,1.286758726583844e-5,1.286758726583844e-5,4.890502877754803
GO:0048018,56,-0.035930522076457035,0.19893862673059276,3.905876101986462e-4,1.3231945176495565e-6,receptor ligand activity,MF,0.006094983405657944,1.286758726583844e-5,1.286758726583844e-5,4.890502877754803
GO:0030527,33,1.3968194091621857,-0.08883160593174921,1.9661501039850327e-7,0.48383201744648663,structural constituent of chromatin,MF,1.3192867197739569e-5,0.5849572679398064,1.3192867197739569e-5,4.879660809242349
GO:0046873,16,0.33770645514821696,0.5006521888492045,0.01205488772351509,1.6132640357876982e-6,metal ion transmembrane transporter activity,MF,0.07703647297598691,1.546428811447922e-5,1.546428811447922e-5,4.810670067582526
GO:0050840,18,0.5884795822072474,0.44902625432676396,2.112537474003472e-5,1.9353311402918323e-6,extracellular matrix binding,MF,6.62949713745169e-4,1.8161327931026536e-5,1.8161327931026536e-5,4.740852399645747
GO:0005216,69,-0.1264398802775771,0.16097750185204096,0.001652289128428638,2.8159742564332137e-6,monoatomic ion channel activity,MF,0.01767103853194126,2.5883818165297074e-5,2.5883818165297074e-5,4.58697165977262
GO:0005085,182,-0.7005489227222266,-0.38665968226023384,0.0332401701880396,2.949719668391437e-6,guanyl-nucleotide exchange factor activity,MF,0.15060461951796772,2.6746782398522354e-5,2.6746782398522354e-5,4.572728455534909
GO:0019955,21,0.5091950938254767,0.4339157361026997,1.4034583615935497e-4,3.0082796894949353e-6,cytokine binding,MF,0.0028536986685735507,2.691407562201469e-5,2.691407562201469e-5,4.570020531662975
GO:0106222,30,-0.48822584577649386,-0.653904130212924,0.8898631239004384,3.5413111258030964e-6,lncRNA binding,MF,0.942146123073847,3.085999695342698e-5,3.085999695342698e-5,4.510604121147463
GO:0050431,18,0.25167160692545276,0.48535431120657685,0.008633799729118156,4.159553573952842e-6,transforming growth factor beta binding,MF,0.06098189071829771,3.578282625797893e-5,3.578282625797893e-5,4.446325360253553
GO:0015026,28,0.42432423025291216,0.3279155874598348,3.573060731102319e-5,4.870871680477244e-6,coreceptor activity,MF,9.44152028876491e-4,4.13715809822814e-5,4.13715809822814e-5,4.383297882566865
GO:0016758,20,-0.1017507715315122,0.4542819143122682,0.07832733756568105,5.242707224149992e-6,hexosyltransferase activity,MF,0.2576355073851568,4.3801456646882786e-5,4.3801456646882786e-5,4.358511446500828
GO:0031491,33,-0.8193547500735441,-0.6228097500928849,0.12195271979438223,5.287508179429963e-6,nucleosome binding,MF,0.3353699794345511,4.3801456646882786e-5,4.3801456646882786e-5,4.358511446500828
GO:0016779,94,-0.7979596489887051,-0.4556946266645936,0.03768833623142439,5.536851840118617e-6,nucleotidyltransferase activity,MF,0.1600652836944056,4.530765347219015e-5,4.530765347219015e-5,4.343828429775541
GO:0008374,20,0.3721619537613089,0.37849890289643423,5.537773636147779e-4,5.653201279152223e-6,O-acyltransferase activity,MF,0.008077926325772087,4.570238624471255e-5,4.570238624471255e-5,4.340061123653218
GO:1990841,70,-0.6479753271382374,-0.5068535996917211,0.41836081899251454,5.771441698757463e-6,promoter-specific chromatin binding,MF,0.6483143407482154,4.610282595078878e-5,4.610282595078878e-5,4.336272452978717
GO:0004222,62,0.08287972208475772,0.18373303478643693,3.232833335695658e-5,6.909695710564727e-6,metalloendopeptidase activity,MF,9.03846320104911e-4,5.454595084457567e-5,5.454595084457567e-5,4.2632374832264475
GO:0016780,12,0.5923692461725982,0.5914746370034579,4.5145440848193323e-4,8.620836456249304e-6,"phosphotransferase activity, for other substituted phosphate groups",MF,0.006807451498367341,6.726257281561956e-5,6.726257281561956e-5,4.172226524796337
GO:0015095,14,0.8829044382653907,0.5566788207262934,4.9362799553536505e-6,9.670835214617027e-6,magnesium ion transmembrane transporter activity,MF,1.840135472245722e-4,7.458770608055201e-5,7.458770608055201e-5,4.127332749221277
GO:0051287,39,-1.0673560546027772,-0.5802265219901726,0.003948180439939963,1.0705520907428222e-5,NAD binding,MF,0.0335345452556926,8.162959691914019e-5,8.162959691914019e-5,4.088152348009038
GO:0043021,44,-0.902007213520719,-0.5318266206885401,0.08884938641708003,1.0835537183861247e-5,ribonucleoprotein complex binding,MF,0.27804588931749646,8.169264550978536e-5,8.169264550978536e-5,4.087817039652234
GO:0008375,18,0.6897900392411193,0.33776759842699194,1.4910678606011002e-6,1.0158281504966924e-4,acetylglucosaminyltransferase activity,MF,8.337554453861152e-5,5.727904949439333e-4,8.337554453861152e-5,4.078961316621519
GO:0003756,15,0.9774004063002448,0.39976621710487464,1.635847092893198e-6,1.1359319677107947e-4,protein disulfide isomerase activity,MF,8.443487687164121e-5,6.146857663983413e-4,8.443487687164121e-5,4.073478125599753
GO:0042626,21,0.1821270534836564,0.40315618653446056,0.00789751462152323,1.289330867268446e-5,ATPase-coupled transmembrane transporter activity,MF,0.05954193607912458,9.612677910412526e-5,9.612677910412526e-5,4.017155609240404
GO:0005125,57,-0.3208073368031622,0.18051746682595457,0.14271186664639413,1.4969553322101594e-5,cytokine activity,MF,0.36549489511347505,1.103798931772546e-4,1.103798931772546e-4,3.9571100305692815
GO:0070182,21,-1.3507784706760106,-0.6965453272750275,0.0031734695984569606,1.5418241277902928e-5,DNA polymerase binding,MF,0.028923918745663357,1.1245260758122679e-4,1.1245260758122679e-4,3.9490304695746548
GO:0016409,21,-0.22310286730112558,0.3623634964427634,0.17836076646823495,1.683335302615645e-5,palmitoyltransferase activity,MF,0.41846179825239743,1.2145354710269869e-4,1.2145354710269869e-4,3.9155897969178604
GO:0140693,38,-0.5384064366317541,-0.5707620994286289,0.9983173234075176,1.7755075027872528e-5,molecular condensate scaffold activity,MF,0.9987310445913212,1.2674101429470709e-4,1.2674101429470709e-4,3.897082821584839
GO:0004435,11,-0.9296937437396632,-0.9391527166848309,0.2781027323533687,1.9449992165747207e-5,"phosphatidylinositol-4,5-bisphosphate phospholipase C activity",MF,0.5440435376358904,1.3737836571806712e-4,1.3737836571806712e-4,3.862081654387355
GO:0001968,20,0.6442786231162595,0.3482726103477284,3.5241169058141046e-6,5.4951192206177585e-5,fibronectin binding,MF,1.576454962534176e-4,3.3520227245768325e-4,1.576454962534176e-4,3.8023184320218677
GO:0003727,39,-0.6102602104890356,-0.5886014964330362,0.6967245900144745,2.2658730784939648e-5,single-stranded RNA binding,MF,0.845392766545592,1.5837508704890106e-4,1.5837508704890106e-4,3.8003131334038645
GO:0005102,232,-0.17915635153919857,-0.043275545471542325,3.919301121726323e-6,9.50742154100275e-4,signaling receptor binding,MF,1.6436569079239768e-4,0.0037526352082428503,1.6436569079239768e-4,3.784188830680118
GO:0031994,11,0.7152929316283665,0.5376641149678838,0.0016591288040421748,2.405594191543481e-5,insulin-like growth factor I binding,MF,0.01767103853194126,1.647095614822118e-4,1.647095614822118e-4,3.783281189060764
GO:0005254,31,0.0546927720617854,0.2823284999258115,0.0035585994080139763,2.3939032596820102e-5,chloride channel activity,MF,0.031268518918247,1.647095614822118e-4,1.647095614822118e-4,3.783281189060764
GO:0042910,19,0.09220750705884491,0.42059143587694836,0.008128148769293913,2.5090210379460152e-5,xenobiotic transmembrane transporter activity,MF,0.05973025663462222,1.7005587034967437e-4,1.7005587034967437e-4,3.76940837157327
GO:0030020,23,-0.17684928370828976,0.40056940074284764,0.10465140647561477,2.6876716581059178e-5,extracellular matrix structural constituent conferring tensile strength,MF,0.3039874188101191,1.8034276825890707e-4,1.8034276825890707e-4,3.743901268195751
GO:0140297,156,-0.6389896102850967,-0.3739775671273914,0.2972550340079562,2.933218870814188e-5,DNA-binding transcription factor binding,MF,0.5634410390376797,1.9487028339765545e-4,1.9487028339765545e-4,3.710254383254857
GO:0015175,11,0.36440252524827677,0.6572693409652428,0.004751473897466461,3.0672076785678544e-5,neutral L-amino acid transmembrane transporter activity,MF,0.037955226014285665,2.017741521881402e-4,2.017741521881402e-4,3.6951344688277588
GO:0003684,59,-0.8174337604628977,-0.49833988726318756,0.027903188972598997,3.428451661397142e-5,damaged DNA binding,MF,0.13666452409207244,2.2334864706771674e-4,2.2334864706771674e-4,3.6510166739188255
GO:0140326,16,0.6515013564517645,0.42515345892437667,5.538017043638779e-5,3.522399312555935e-5,ATPase-coupled intramembrane lipid transporter activity,MF,0.00128120793648372,2.2726249410817616e-4,2.2726249410817616e-4,3.6434722314367773
GO:0000287,200,-0.6797779388963274,-0.34880522464251706,0.08866213128828453,3.6333019038978435e-5,magnesium ion binding,MF,0.27804588931749646,2.321852930967098e-4,2.321852930967098e-4,3.6341652924752434
GO:0030414,42,0.07272420926522451,0.19250354837428305,0.002891512110464255,4.000872540664113e-5,peptidase inhibitor activity,MF,0.027717208944593074,2.532627806401528e-4,2.532627806401528e-4,3.5964286291999046
GO:0000987,61,-0.7323764887630165,-0.4896847471965223,0.22953901226310205,4.635447880009532e-5,cis-regulatory region sequence-specific DNA binding,MF,0.4828234395879043,2.906902362136819e-4,2.906902362136819e-4,3.5365695551911576
GO:0061459,12,0.441328482533402,0.5292075996153474,0.0035881906955365418,4.874369561012478e-5,L-arginine transmembrane transporter activity,MF,0.031268518918247,3.028427755036456e-4,3.028427755036456e-4,3.5187827822328903
GO:0004252,61,-0.2614925723305788,0.1598691823874656,0.07978313941525544,5.050892921040922e-5,serine-type endopeptidase activity,MF,0.25854428639963367,3.109311146805925e-4,3.109311146805925e-4,3.5073358162072115
GO:0030331,40,-0.7231477125526546,-0.5455514290180791,0.3146027363709189,5.5996226298237206e-5,nuclear estrogen receptor binding,MF,0.5821239422398585,3.3800984190663627e-4,3.3800984190663627e-4,3.471070654090643
GO:0042813,15,0.5105336474354972,0.517218966223421,9.230858635664492e-4,5.641893039276194e-5,Wnt receptor activity,MF,0.011470196563946062,3.3800984190663627e-4,3.3800984190663627e-4,3.471070654090643
GO:0004672,405,-0.524810920271209,-0.2844273822909198,0.7976727650052373,7.110274769343002e-5,protein kinase activity,MF,0.8921478769191381,4.185082780902767e-4,4.185082780902767e-4,3.378295947244504
GO:0140566,29,-0.6339212608083235,-0.5780521276033054,0.6819127295932248,7.06162726473665e-5,histone reader activity,MF,0.8355477462729675,4.185082780902767e-4,4.185082780902767e-4,3.378295947244504
GO:0015562,12,0.2941294515634682,0.4774934395977374,0.015574453230886947,7.188192490470199e-5,efflux transmembrane transporter activity,MF,0.09414827133265893,4.19415405313522e-4,4.19415405313522e-4,3.3773556217491163
GO:0004527,46,-0.8042336998713756,-0.5192907610950686,0.09058569806138869,9.244170340994103e-5,exonuclease activity,MF,0.27882111651005415,5.301571195561576e-4,5.301571195561576e-4,3.275595402014561
GO:0035091,100,-0.6228906691737648,-0.39619503830909525,0.43490678397634847,9.51350387395107e-5,phosphatidylinositol binding,MF,0.658741426745214,5.409797541882346e-4,5.409797541882346e-4,3.26681898777487
GO:0008168,153,-0.8154903242564424,-0.35638368738284915,0.00455838436619446,1.0695349858561055e-4,methyltransferase activity,MF,0.037300925728249786,5.980483129245389e-4,5.980483129245389e-4,3.2232637304112557
GO:0048027,25,-0.9325397244866325,-0.611684755670021,0.3737515296786722,1.0848147067112165e-4,mRNA 5'-UTR binding,MF,0.6148856413406956,6.012092994135735e-4,6.012092994135735e-4,3.2209743104324935
GO:0005319,12,0.6587133994444238,0.4748597002460686,3.2989713962925505e-4,1.0931078171155881e-4,lipid transporter activity,MF,0.00564912295670842,6.012092994135735e-4,6.012092994135735e-4,3.2209743104324935
GO:0045499,23,0.29538218260486615,0.2837657818593221,6.603322279567062e-4,1.1184963452983803e-4,chemorepellent activity,MF,0.008687900489391174,6.101715834920433e-4,6.101715834920433e-4,3.2145480218984095
GO:0002020,90,-0.2280790827106091,0.04224098641035061,0.021195120841601474,1.1516979844967014e-4,protease binding,MF,0.11562541532288283,6.182314780778294e-4,6.182314780778294e-4,3.2088488860286764
GO:0000977,250,-0.49364920486839714,-0.3206087436981632,0.22521141624901533,1.2114305588222245e-4,RNA polymerase II transcription regulatory region sequence-specific DNA binding,MF,0.47670933849554986,6.451348452140576e-4,6.451348452140576e-4,3.190349500230439
GO:0000049,78,-0.9389645367486977,-0.42806754616058706,0.001899579079069288,1.3030860265116894e-4,tRNA binding,MF,0.019312387303871092,6.88480884873499e-4,6.88480884873499e-4,3.1621081130820072
GO:0004518,100,-0.7342369580796224,-0.39172260319411545,0.048814655150763595,1.3308922871366072e-4,nuclease activity,MF,0.19554158055779094,6.976786911473933e-4,6.976786911473933e-4,3.156344541258245
GO:0004675,12,1.1343545858084692,0.3429832869418456,2.4763448691663417e-5,0.0018244139405395195,transmembrane receptor protein serine/threonine kinase activity,MF,7.22446698787224e-4,0.006477152138105913,7.22446698787224e-4,3.1411941890925177
GO:0051539,42,-1.0771735512130949,-0.5153534296950635,0.002354140143752597,1.3894309714672246e-4,"4 iron, 4 sulfur cluster binding",MF,0.02322982406555871,7.227195208174479e-4,7.227195208174479e-4,3.141030214731551
GO:0003777,42,-0.6674108150353607,-0.5234176719474107,0.4008749562229734,1.407911983422589e-4,microtubule motor activity,MF,0.6329108132367416,7.266991852896595e-4,7.266991852896595e-4,3.138645326698722
GO:0017124,106,-0.5736934106979796,-0.39336107221753525,0.5288624252690459,1.4963798511915071e-4,SH3 domain binding,MF,0.7377685807807273,7.664663207248101e-4,7.664663207248101e-4,3.1155069237120467
GO:0098632,21,0.3507605536548037,0.28235082304520315,0.00138722237739899,1.9262389789854778e-4,cell-cell adhesion mediator activity,MF,0.016281674352506083,9.791714809842846e-4,9.791714809842846e-4,3.0091412441277656
GO:0008324,17,0.2453842119656542,0.37300277267773,0.00560939006971157,2.037629281120379e-4,monoatomic cation transmembrane transporter activity,MF,0.04376628763693562,0.0010280069531065973,0.0010280069531065973,2.9880039479033744
GO:0019899,376,-0.5853138527216962,-0.2914116416283945,0.5191054249663103,2.0895581300739077e-4,enzyme binding,MF,0.7365791264488362,0.0010398390298409963,0.0010398390298409963,2.9830338855690512
GO:0043236,21,0.20008832347905584,0.2972194443214902,0.005201942730952127,2.0920755443894855e-4,laminin binding,MF,0.04106474791139856,0.0010398390298409963,0.0010398390298409963,2.9830338855690512
GO:0015171,12,0.830137093254207,0.39328215250896975,4.247762623574888e-5,5.865601459513503e-4,amino acid transmembrane transporter activity,MF,0.0010556476742291665,0.0025229606277779233,0.0010556476742291665,2.9764810047847594
GO:0003841,12,-0.15656111920825666,0.39560173708326657,0.32422367759621484,2.1399900442292468e-4,1-acylglycerol-3-phosphate O-acyltransferase activity,MF,0.5885690438218611,0.0010558333232925181,0.0010558333232925181,2.976404635294258
GO:0032452,11,-0.9415103423583377,-0.8106291494029735,0.26170297249766,2.3149282462861398e-4,histone demethylase activity,MF,0.5289237787528007,0.0011338079220861313,0.0011338079220861313,2.9454605128537166
GO:0015035,20,0.5797590302499591,0.3043264590829465,4.908992851261932e-5,3.5182799074579143e-4,protein-disulfide reductase activity,MF,0.0011764050725702703,0.0016508851873456368,0.0011764050725702703,2.9294431115157606
GO:0003690,131,-0.3771813147712402,-0.36026917417126914,0.5628328972781766,2.45063211237338e-4,double-stranded DNA binding,MF,0.7626293375891412,0.0011915754691322739,0.0011915754691322739,2.9238784461503067
GO:0035925,27,-0.7122432176205862,-0.5632410480654716,0.5034870508143143,2.4744503838794967e-4,mRNA 3'-UTR AU-rich region binding,MF,0.7321490246413971,0.0011945008687648507,0.0011945008687648507,2.9228135300500235
GO:0008559,12,0.37395100061056064,0.4658409927347454,0.002687485176298583,3.4168465761177474e-4,ABC-type xenobiotic transporter activity,MF,0.026134819612990565,0.0016376457518392919,0.0016376457518392919,2.7857800370445114
GO:0019706,22,-0.3019237061806752,0.23567470666178822,0.3292230632295037,3.5071318692364524e-4,protein-cysteine S-palmitoyltransferase activity,MF,0.5898171926960577,0.0016508851873456368,0.0016508851873456368,2.78228312918183
GO:0038024,14,0.7247791881572757,0.4001709570460892,2.9840713729343724e-4,3.4947807722490856e-4,cargo receptor activity,MF,0.005269241819049905,0.0016508851873456368,0.0016508851873456368,2.78228312918183
GO:0004653,12,0.4761941199413469,0.5062191115010605,0.0031898211433369424,3.6194312883099957e-4,polypeptide N-acetylgalactosaminyltransferase activity,MF,0.028923918745663357,0.0016865544405944494,0.0016865544405944494,2.772999635578744
GO:0005537,11,0.33052045423885135,0.4408150851289103,0.010161840995958217,3.7039786146067516e-4,D-mannose binding,MF,0.06887470008371681,0.0017140480347594001,0.0017140480347594001,2.765977011503465
GO:0015179,16,0.11953646118713727,0.39569661339521356,0.008278560159493095,3.7972490909244484e-4,L-amino acid transmembrane transporter activity,MF,0.05973025663462222,0.0017451740685002087,0.0017451740685002087,2.7581612488086056
GO:0019900,98,-0.7265486676630907,-0.39431450282589214,0.06364383725976895,3.8363402539108143e-4,kinase binding,MF,0.2283690631085827,0.0017511457893701747,0.0017511457893701747,2.756677695787891
GO:0005262,56,-0.3023411052645587,0.12058916233430353,0.10040249611005657,3.902955187980871e-4,calcium channel activity,MF,0.29570151713684806,0.0017695154940102465,0.0017695154940102465,2.7521456302947946
GO:0003688,15,-1.0958404488899693,-0.7290284273337604,0.03458723579379391,4.021925494970047e-4,DNA replication origin binding,MF,0.1507015273872449,0.0018112161121643633,0.0018112161121643633,2.742029727090238
GO:0036002,15,-0.7645815132710093,-0.6727105781372364,0.3719815224735731,4.104881704349894e-4,pre-mRNA binding,MF,0.6148856413406956,0.0018362504157458527,0.0018362504157458527,2.736068092872969
GO:0005080,50,-0.7458622198211984,-0.449435961687878,0.17195988569109733,4.287017847061067e-4,protein kinase C binding,MF,0.4077211423983262,0.0019050258115085933,0.0019050258115085933,2.7200991356210076
GO:0017116,21,-1.2229315921601644,-0.6561357698296999,0.0030107676921350556,4.3923038542576176e-4,single-stranded DNA helicase activity,MF,0.028253661568636828,0.001938970977767672,0.001938970977767672,2.7124286913285567
GO:0003743,46,-0.7870360848147402,-0.47270968040575856,0.10349661108469216,4.461561277179399e-4,translation initiation factor activity,MF,0.3019401132079497,0.001956671645089789,0.001956671645089789,2.7084820484811076
GO:0070888,32,-0.9715728498473334,-0.5522899324008933,0.029615172322037624,4.8761768959349535e-4,E-box binding,MF,0.14194129020062318,0.002124619933228801,0.002124619933228801,2.672718748279188
GO:0031625,279,-0.6211667998384128,-0.30424459078519484,0.3640534136221981,5.698739910813971e-4,ubiquitin protein ligase binding,MF,0.6135653036654002,0.0024670028904233386,0.0024670028904233386,2.607830341675983
GO:0005179,22,-0.0501504172979619,0.27023294730325154,0.06813922481029908,6.614686845109363e-4,hormone activity,MF,0.2374742874438095,0.0028270413204257213,0.0028270413204257213,2.548667843756064
GO:1990247,12,-0.17092807613404146,-0.7058869693654798,0.1490611304596294,6.928863275962791e-4,N6-methyladenosine-containing RNA reader activity,MF,0.37234468928309206,0.0029425742140322996,0.0029425742140322996,2.5312725750985425
GO:0015108,17,-0.3158031995098831,0.26860621853619077,0.5149560237644581,7.038236181392322e-4,chloride transmembrane transporter activity,MF,0.7365791264488362,0.002970224199820282,0.002970224199820282,2.527210767830975
GO:0015267,19,-0.06570924069594375,0.2480447685927793,0.061575607158119515,7.532330330330472e-4,channel activity,MF,0.22333639136809832,0.0031350241299741,0.0031350241299741,2.5037591120982503
GO:0003725,66,-0.48170059962351375,-0.4163114351742332,0.7539089759786181,7.632480171324383e-4,double-stranded RNA binding,MF,0.8782516022250916,0.0031350241299741,0.0031350241299741,2.5037591120982503
GO:0003774,34,-0.7051585516022588,-0.5086586483537545,0.24929043675109291,7.662354058356965e-4,cytoskeletal motor activity,MF,0.5115409267889399,0.0031350241299741,0.0031350241299741,2.5037591120982503
GO:0098631,10,0.16237447433525157,0.39545422909668326,0.077850517679154893,7.61697828145769e-4,cell adhesion mediator activity,MF,0.2573285584370095,0.0031350241299741,0.0031350241299741,2.5037591120982503
GO:0042605,21,-0.4428184344832963,0.2683325171006488,0.7977477289887971,7.638933354819648e-4,peptide antigen binding,MF,0.8921478769191381,0.0031350241299741,0.0031350241299741,2.5037591120982503
GO:1904315,16,-0.17462262611510568,0.3198117166214464,0.11870980235423587,7.787982474109438e-4,transmitter-gated monoatomic ion channel activity involved in regulation of postsynaptic membrane potential,MF,0.3316668459306098,0.0031671128728045046,0.0031671128728045046,2.499336458521795
GO:0031490,79,-0.38561082631682864,-0.37904152647843375,0.7686372374961856,7.854450200347426e-4,chromatin DNA binding,MF,0.8817283662985786,0.003174901255682604,0.003174901255682604,2.4982697773890257
GO:0035613,15,-0.35483965612174717,-0.6280134609080084,0.4745732913788375,7.982702914413988e-4,RNA stem-loop binding,MF,0.7014067808704846,0.003207421350641788,0.003207421350641788,2.493843984181734
GO:0046983,108,-0.8155043022734961,-0.3585428099885654,0.011102465979184737,8.350662583394108e-4,protein dimerization activity,MF,0.07449754672032959,0.003335294400867528,0.003335294400867528,2.476865825606736
GO:0140662,27,-0.3579388680459371,-0.5530359558583341,0.4716936477950601,9.434024920546155e-4,ATP-dependent protein folding chaperone,MF,0.6986897078818661,0.0037456986518854853,0.0037456986518854853,2.4264671653184005
GO:0004715,33,-0.8749735420356751,-0.4848990920511993,0.10640219288118825,9.60691668431088e-4,non-membrane spanning protein tyrosine kinase activity,MF,0.306568805668398,0.00376973163460386,0.00376973163460386,2.4236895659106885
GO:0050839,64,-0.0379420863341224,0.03306021173346317,6.337237969830958e-4,0.0010001148410706288,cell adhesion molecule binding,MF,0.008504573355513146,0.003901610804409255,0.003901610804409255,2.408756054758908
GO:0004843,79,-0.454181916673188,-0.367462695084599,0.3096159986801531,0.001022825391890958,cysteine-type deubiquitinase activity,MF,0.58193931404589,0.003944343896315131,0.003944343896315131,2.4040252271585607
GO:0008320,18,-0.19336500580393817,0.23716550724495278,0.36800973185406016,0.0010197476539130503,protein transmembrane transporter activity,MF,0.6135653036654002,0.003944343896315131,0.003944343896315131,2.4040252271585607
GO:0005230,11,-0.0840756527413386,0.417305826729236,0.0975519320073576,0.0010398084563714197,extracellular ligand-gated monoatomic ion channel activity,MF,0.2909215394530531,0.003986922709858415,0.003986922709858415,2.3993621834515646
GO:0001540,49,-0.11032994116071315,0.07841036255308392,0.004385639960927803,0.001051841338976119,amyloid-beta binding,MF,0.036330424861513035,0.004010145104846454,0.004010145104846454,2.396839912393793
GO:0017166,12,-0.523231963500835,-0.7345175865928839,0.9140043879671411,0.0010579308399736053,vinculin binding,MF,0.953805512170998,0.00401057397526717,0.00401057397526717,2.396793468663378
GO:0017017,10,-1.0635317971599942,-0.715772424192944,0.11888029917982085,0.0010826018987411903,MAP kinase tyrosine/serine/threonine phosphatase activity,MF,0.3316668459306098,0.004074052641292538,0.004074052641292538,2.389973363731739
GO:0005540,13,0.15676071011205278,0.3623688097919841,0.03288007856387232,0.001086818811909634,hyaluronic acid binding,MF,0.15060461951796772,0.004074052641292538,0.004074052641292538,2.389973363731739
GO:0016616,40,-0.7973161702459565,-0.44565969152948315,0.1407872086993557,0.0012028179752996578,"oxidoreductase activity, acting on the CH-OH group of donors, NAD or NADP as acceptor",MF,0.3633392962971834,0.0044710454050686035,0.0044710454050686035,2.3495909196934495
GO:0003746,17,-1.298367895657192,-0.6187367258306802,0.004169103529136542,0.0012063159895376542,translation elongation factor activity,MF,0.034968355850632744,0.0044710454050686035,0.0044710454050686035,2.3495909196934495
GO:0051059,33,-0.9310436795810688,-0.5149125769600487,0.033744861106430664,0.0012127127626266555,NF-kappaB binding,MF,0.15060461951796772,0.0044710454050686035,0.0044710454050686035,2.3495909196934495
GO:0031072,63,-0.7607207100099093,-0.42304968582576735,0.31578705659509465,0.0012550186656975727,heat shock protein binding,MF,0.5821239422398585,0.0046017351075577665,0.0046017351075577665,2.337078384502011
GO:0042162,28,-1.0027962940055533,-0.528829300070423,0.03713059294713073,0.001264352729384885,telomeric DNA binding,MF,0.15970915299695335,0.00461076457291988,0.00461076457291988,2.3362270524264535
GO:0045182,18,-0.7477996734843256,-0.5948713798507306,0.7130712276639324,0.001297248871573675,translation regulator activity,MF,0.8513715191503535,0.0047051567179780315,0.0047051567179780315,2.3274259066427665
GO:0005539,14,0.4011134467640491,0.28604273003232344,3.606865179371242e-4,0.0013264939257436547,glycosaminoglycan binding,MF,0.005902942769166106,0.0047853624955590986,0.0047853624955590986,2.3200851584392477
GO:0046982,238,-0.19775313673534717,-0.18727657081324292,2.870598015445606e-4,0.8571480413770172,protein heterodimerization activity,MF,0.00520586829287568,0.8944733060092978,0.00520586829287568,2.2835068236261074
GO:0008092,73,-0.4674957165055851,-0.4024006805476174,0.5748536166205307,0.001614896088883995,cytoskeletal protein binding,MF,0.7693713934453981,0.0057946271424661,0.0057946271424661,2.2369745036484647
GO:0008483,19,-1.424274096151347,-0.5028827537471449,3.860866509027596e-4,0.020919344045603652,transaminase activity,MF,0.006094983405657944,0.048236700531271645,0.006094983405657944,2.2150274724641386
GO:0070064,19,-0.7913993243834707,-0.5823603372758502,0.336088619654354,0.0017077492515520966,proline-rich region binding,MF,0.5919041044306339,0.0060952114244226425,0.0060952114244226425,2.215011225424174
GO:0001618,22,-0.037613586622759085,0.2645316189493573,0.05132051401706876,0.0020256830854975213,virus receptor activity,MF,0.20138049652311776,0.0071246840071753385,0.0071246840071753385,2.147234392650444
GO:0001046,17,-0.6792821944380533,-0.6196136424366695,0.7041587203560142,0.0020280397099411173,core promoter sequence-specific DNA binding,MF,0.849322911771878,0.0071246840071753385,0.0071246840071753385,2.147234392650444
GO:0061630,298,-0.5191713978434,-0.27831245041078223,0.7692658471705596,0.00222722446493366,ubiquitin protein ligase activity,MF,0.8817283662985786,0.00778368549984628,0.00778368549984628,2.1088147200727794
GO:0000993,30,-0.5919108738598788,-0.50004492142841,0.8054466306327579,0.002284681452482623,RNA polymerase II complex binding,MF,0.8947925317128816,0.007943115308890364,0.007943115308890364,2.100009132823729
GO:0016922,40,-0.6535941265542141,-0.43817412569728154,0.44779367369631884,0.002338816273948177,nuclear receptor binding,MF,0.6721913983226621,0.008047926768303728,0.008047926768303728,2.0943159841105
GO:0097718,29,-0.7157385310766932,-0.5454748056314191,0.5271119634498977,0.0023358731834758313,disordered domain specific binding,MF,0.7377685807807273,0.008047926768303728,0.008047926768303728,2.0943159841105
GO:0140658,20,-0.14649520876462865,-0.5425015129359391,0.07247185837433319,0.0024217411577714706,ATP-dependent chromatin remodeler activity,MF,0.2455990756019069,0.008257173321568948,0.008257173321568948,2.083168599283102
GO:0032454,11,-0.5694207683622985,-0.6935512004448736,0.9459632634497567,0.00242423717488686,histone H3K9 demethylase activity,MF,0.976525153499672,0.008257173321568948,0.008257173321568948,2.083168599283102
GO:0001784,37,-0.965103416627194,-0.42545658206233283,0.015201689644304659,0.002453088737777929,phosphotyrosine residue binding,MF,0.09273030683025842,0.008313245166914092,0.008313245166914092,2.0802294114783906
GO:0043395,12,-0.039673487540661787,0.301761685410931,0.05267448747530247,0.0024865902749963654,heparan sulfate proteoglycan binding,MF,0.20457111242679246,0.008384432535289253,0.008384432535289253,2.0765263254409865
GO:0000146,24,-0.7977879228395955,-0.5453231088759568,0.20459797586646508,0.002504418894445233,microfilament motor activity,MF,0.4565439740944168,0.008402325390863757,0.008402325390863757,2.0756005038596497
GO:0070034,22,-0.6790189400646274,-0.5330048439997797,0.5267300555559555,0.002571302938469754,telomerase RNA binding,MF,0.7377685807807273,0.008583802346831865,0.008583802346831865,2.066320291119986
GO:0005525,278,-0.7338152304364481,-0.2942382968296229,0.0033887361577720253,0.0027298721023928108,GTP binding,MF,0.030317892824867056,0.009068040498542455,0.009068040498542455,2.0424865489497726
GO:0030971,54,-0.6939882184658076,-0.386380601994901,0.3156503587191657,0.0027484125979037027,receptor tyrosine kinase binding,MF,0.5821239422398585,0.009084654449228494,0.009084654449228494,2.0416915871944004
GO:0008237,97,-0.10332748851144716,0.01909480742683504,7.5788837825443e-4,0.003721213468336332,metallopeptidase activity,MF,0.009779675034783126,0.011777991685158862,0.009779675034783126,2.0096755759838976
GO:0016810,10,-0.8429349030593865,-0.7732626557076568,0.37258619595671966,0.003029279812967011,"hydrolase activity, acting on carbon-nitrogen (but not peptide) bonds",MF,0.6148856413406956,0.009963954678925805,0.009963954678925805,2.0015682565206374
GO:0005546,62,-0.5463334241749468,-0.40382263616169317,0.9048280358266045,0.003149996725705712,"phosphatidylinositol-4,5-bisphosphate binding",MF,0.947175681809129,0.010310477087553819,0.010310477087553819,1.9867212385284887
GO:0005547,40,-0.6216428290964126,-0.4283950135714359,0.6133214489954056,0.0032190490038306453,"phosphatidylinositol-3,4,5-trisphosphate binding",MF,0.7929454571790312,0.010485348939661956,0.010485348939661956,1.9794171121659143
GO:0046966,28,-0.7859771983001967,-0.47978723048654376,0.1421653164769386,0.0032700083020966515,nuclear thyroid hormone receptor binding,MF,0.36549014312653566,0.010574604510156968,0.010574604510156968,1.9757358662477975
GO:0016597,18,-0.856681697910012,-0.5783800975297055,0.29340606122915314,0.003277969803446572,amino acid binding,MF,0.5625013345278908,0.010574604510156968,0.010574604510156968,1.9757358662477975
GO:0008139,21,-0.7573485902603126,-0.5253189772755265,0.5284145052613756,0.003592444466242826,nuclear localization sequence binding,MF,0.7377685807807273,0.011533637496884862,0.011533637496884862,1.9380337026196437
GO:0030507,19,-0.6069636749181627,-0.5028019089289217,0.708626058319316,0.0036710833007112128,spectrin binding,MF,0.8506048034566387,0.011729985213224875,0.011729985213224875,1.9307025353541118
GO:0005324,11,-0.326297121726377,0.2820839497524615,0.460246622032054,0.003707740760159972,long-chain fatty acid transmembrane transporter activity,MF,0.6878073126581475,0.011777991685158862,0.011777991685158862,1.9289287566126228
GO:0002039,71,-0.7280537409385159,-0.38216259026674637,0.13050083603867682,0.0038170078372274643,p53 binding,MF,0.34651983623398996,0.01202447069849591,0.01202447069849591,1.9199340316095788
GO:0043138,13,-0.6652761018259411,-0.6881638560562306,0.6697157966812495,0.003966398592174679,3'-5' DNA helicase activity,MF,0.8295260556084576,0.01243669838948229,0.01243669838948229,1.9052948979040112
GO:0034185,15,0.644098979937003,0.185360518201446,0.0010236858112746786,0.02490904870661135,apolipoprotein binding,MF,0.012488966897551078,0.05479990715454497,0.012488966897551078,1.9034734855049347
GO:0043130,96,-0.7472651939917174,-0.3394720619382857,0.13524025660650843,0.004004395620727999,ubiquitin binding,MF,0.35349479286011276,0.012497439355853431,0.012497439355853431,1.9031789619954256
GO:0008236,52,-0.5241227464539002,0.06916175181213606,0.977613441561479,0.004203515815258068,serine-type peptidase activity,MF,0.9924033574701246,0.01305814403721372,0.01305814403721372,1.8841185452412734
GO:0061665,10,-0.8678299214921241,-0.6890557144916315,0.2352371834403085,0.0043507404175984555,SUMO ligase activity,MF,0.4901992238771646,0.013453211153034855,0.013453211153034855,1.8711740413423796
GO:0005242,11,0.3761557417161431,0.332580149966506,0.020710910558515986,0.004371661581821667,inward rectifier potassium channel activity,MF,0.11476839145734594,0.013455894134873112,0.013455894134873112,1.8710874383729537
GO:0061608,17,-1.2511385577837422,-0.5197636128362514,0.03797245488421083,0.0045375861358469384,nuclear import signal receptor activity,MF,0.16024853602078912,0.013902832407092674,0.013902832407092674,1.8568967124466904
GO:0048156,20,-0.6055847696441597,-0.6021996501021475,0.7683029770853191,0.004637886322641942,tau protein binding,MF,0.8817283662985786,0.014081546255623271,0.014081546255623271,1.851349653900298
GO:0005261,21,-0.25575513653942256,0.13493925973850068,0.3538227442197281,0.00474834196476455,monoatomic cation channel activity,MF,0.6056506667638714,0.014351970533139698,0.014351970533139698,1.8430884659741724
GO:0004519,56,-0.7414928189493073,-0.37348416216333413,0.10956284250389085,0.004820152149191349,endonuclease activity,MF,0.3141737919662853,0.014503686511692355,0.014503686511692355,1.8385215958205385
GO:0030234,22,-1.0238343271403336,-0.5013681906511109,0.026994816915311123,0.005052346476314742,enzyme regulator activity,MF,0.1341742381494353,0.015134484310746394,0.015134484310746394,1.8200323725146612
GO:0005267,34,-0.11027398148041173,0.08633716732740673,0.036222408833105485,0.005082423410793719,potassium channel activity,MF,0.15680797630331472,0.01515691603841149,0.01515691603841149,1.8193891551517791
GO:0043995,10,-0.8240122038513873,-0.6381033998288873,0.33181266475756027,0.0051793719648565335,histone H4K5 acetyltransferase activity,MF,0.5898171926960577,0.01530994972871689,0.01530994972871689,1.815026235335488
GO:0043996,10,-0.8240122038513873,-0.6381033998288873,0.33181266475756027,0.0051793719648565335,histone H4K8 acetyltransferase activity,MF,0.5898171926960577,0.01530994972871689,0.01530994972871689,1.815026235335488
GO:0070878,10,-0.6825398530771638,-0.643084759821472,0.7360249756949127,0.005369698920176987,primary miRNA binding,MF,0.8664434363005025,0.01580292971683666,0.01580292971683666,1.8012623914059227
GO:0140002,19,-0.6380819058667148,-0.5174404900783997,0.7916022226719333,0.005452147312838977,histone H3K4me3 reader activity,MF,0.8921288574649021,0.015975505881724687,0.015975505881724687,1.7965453805459037
GO:0004842,215,-0.5234458997532678,-0.28188007625869316,0.6649042124142746,0.00556347935216529,ubiquitin-protein transferase activity,MF,0.8262050491295894,0.016230846283925692,0.016230846283925692,1.7896588352657505
GO:0051536,64,-0.9910986588242469,-0.37626857844515604,0.0014316226330817567,0.008905101197651318,iron-sulfur cluster binding,MF,0.016281674352506083,0.023486315106641623,0.016281674352506083,1.788300935769703
GO:0004175,62,-0.21868013757305887,0.056452076338599666,0.02570982282568679,0.005800288374528583,endopeptidase activity,MF,0.12970895575966793,0.016848456706963978,0.016848456706963978,1.773439873685534
GO:0015485,38,0.05096753685080805,-0.05250729734863088,0.0015536409688212947,0.10262854118006721,cholesterol binding,MF,0.01737488483465148,0.16741484173872967,0.01737488483465148,1.7600780653474097
GO:0030674,189,-0.595098554382949,-0.2902698595690298,0.5464366390064268,0.006011700095158613,protein-macromolecule adaptor activity,MF,0.7512866820863002,0.017387287775221676,0.017387287775221676,1.7597681578546858
GO:0140036,11,-1.5130172502226915,-0.6215471153828102,0.0016217450570271959,0.009666111198271108,ubiquitin-modified protein reader activity,MF,0.01767103853194126,0.025139382224960906,0.01767103853194126,1.7527379261334415
GO:0060090,171,-0.6173282185072525,-0.30551587747053544,0.36732824568218797,0.006309784164074204,molecular adaptor activity,MF,0.6135653036654002,0.018034438096538697,0.018034438096538697,1.743897384555723
GO:0030215,17,-0.030758299265864215,0.1660089702173061,0.10106647322433936,0.006316084877327263,semaphorin receptor binding,MF,0.296138006696645,0.018034438096538697,0.018034438096538697,1.743897384555723
GO:0051879,41,-0.6576731435225006,-0.4200614890529965,0.37387979384054215,0.006301200144279958,Hsp90 protein binding,MF,0.6148856413406956,0.018034438096538697,0.018034438096538697,1.743897384555723
GO:0004029,13,-1.455425888744476,-0.6048743349785406,0.00172696162980033,0.008116965377309202,aldehyde dehydrogenase (NAD+) activity,MF,0.018106113337437835,0.02193466220532934,0.018106113337437835,1.7421747654374233
GO:0005272,14,0.11593971978723808,0.2465112202400587,0.023817128109271217,0.006493180245264448,sodium channel activity,MF,0.12583695245134635,0.018461542138018833,0.018461542138018833,1.7337320241086693
GO:0043531,38,-0.5996266353056608,-0.4418700083112722,0.7328957605832791,0.006556342316602613,ADP binding,MF,0.8642760199497017,0.01856247128455845,0.01856247128455845,1.731364205175343
GO:0008327,17,-1.0320705271894803,-0.5874940672541884,0.06283808004113636,0.006585014531271392,methyl-CpG binding,MF,0.22669006294409946,0.0185653140776601,0.0185653140776601,1.731297699223124
GO:0001216,13,-1.581065420191513,-0.5039831922446014,0.0018075286441478758,0.03544137476916729,DNA-binding transcription activator activity,MF,0.018659257234203457,0.0718464122964086,0.018659257234203457,1.7291056481300937
GO:0008143,19,-0.3370183913864632,-0.5247719702131487,0.4382702711755225,0.006901856868850526,poly(A) binding,MF,0.6614125875439563,0.019377179744764446,0.019377179744764446,1.7127094321570522
GO:0030515,22,-0.5765353039686147,-0.5139293562729116,0.8238724476973499,0.006943097718609162,snoRNA binding,MF,0.9028941321207216,0.019411744038278115,0.019411744038278115,1.7119354438916934
GO:0120283,34,-0.721388826321967,-0.4444184939879447,0.2858067942833648,0.007117101816846262,protein serine/threonine kinase binding,MF,0.5526696223750368,0.0197692631439003,0.0197692631439003,1.7040095177628005
GO:1990404,14,-0.5148856309276859,-0.6575464140597199,0.9695126933596409,0.007129898183046009,NAD+-protein mono-ADP-ribosyltransferase activity,MF,0.990945377400048,0.0197692631439003,0.0197692631439003,1.7040095177628005
GO:0005452,13,-0.1054427920501991,0.2265111228175395,0.2656500525667086,0.0072118473300315025,solute:inorganic anion antiporter activity,MF,0.5320930903649597,0.019914195713790692,0.019914195713790692,1.7008372290043952
GO:0035591,67,-0.7558138223809348,-0.3734555824913673,0.056955395746815435,0.007296975934580994,signaling adaptor activity,MF,0.2144625229505719,0.020066683820097735,0.020066683820097735,1.6975243922174554
GO:0001094,10,-0.9576851040870541,-0.6754034983210497,0.2182892360549219,0.007379020479191661,TFIID-class transcription factor complex binding,MF,0.47097130994486364,0.020209480577704508,0.020209480577704508,1.694444848539898
GO:0036312,10,-0.36025184767402985,-0.6590671364377815,0.609561324365083,0.007766673428089551,phosphatidylinositol 3-kinase regulatory subunit binding,MF,0.7896054993223373,0.021184706789626376,0.021184706789626376,1.6739775425446781
GO:0051880,10,-0.843150617489672,-0.6043553785726108,0.6707665112834841,0.007892618244320958,G-quadruplex DNA binding,MF,0.8295260556084576,0.02144108033173831,0.02144108033173831,1.6687533360365319
GO:0042974,21,-0.6129646048877518,-0.4782646801279047,0.9421011130490404,0.008139688359354703,nuclear retinoic acid receptor binding,MF,0.9740367439998553,0.02193466220532934,0.02193466220532934,1.658869049359838
GO:0005161,12,0.2930153258968549,0.2238021417036152,0.00850261805477492,0.008256355097196648,platelet-derived growth factor receptor binding,MF,0.0606942203697231,0.022160057080875806,0.022160057080875806,1.6544291252668273
GO:0008146,24,0.20794428509737511,0.0017656964618799817,0.0022251704466425717,0.12177998746358541,sulfotransferase activity,MF,0.02228491596562934,0.1922691096189784,0.02228491596562934,1.651988999259307
GO:0020037,70,-0.2815686999112408,0.012570189448710453,0.08014487566486408,0.008488922486236533,heme binding,MF,0.25854428639963367,0.02269349397715025,0.02269349397715025,1.6440986333271952
GO:0098505,11,-0.9066219973203692,-0.5987938602928835,0.2874732629067687,0.008691358726211254,G-rich strand telomeric DNA binding,MF,0.5530230734514481,0.023142467084475205,0.023142467084475205,1.635590345295165
GO:0019843,44,-0.9407289935643333,-0.39717252476340925,0.024355146781740656,0.008894052686639117,rRNA binding,MF,0.1266845231825425,0.023486315106641623,0.023486315106641623,1.6291851166573643
GO:0050660,55,-0.7328962058804109,-0.3727632930093866,0.2645710398139305,0.008925499779722226,flavin adenine dinucleotide binding,MF,0.5315690401664853,0.023486315106641623,0.023486315106641623,1.6291851166573643
GO:0043008,11,-1.0379780382759165,-0.6358043153399051,0.12514850091802224,0.009564654315563909,ATP-dependent protein binding,MF,0.3372475667308953,0.02506985564743509,0.02506985564743509,1.6008481667080332
GO:0001217,11,-1.3466676071085752,-0.5584437391738984,0.019810090178126606,0.00962541388214499,DNA-binding transcription repressor activity,MF,0.11170227318926852,0.02513094441602836,0.02513094441602836,1.5997911903981572
GO:0035259,17,-0.9062094260891801,-0.5173803096006016,0.1818169253990736,0.009902172231193189,nuclear glucocorticoid receptor binding,MF,0.4250841705323289,0.02565389022058158,0.02565389022058158,1.5908467680482519
GO:0005112,21,0.010519653784176713,0.23924207296595942,0.060163488292130224,0.010115197373700894,Notch binding,MF,0.22181154200010647,0.026104990145205002,0.026104990145205002,1.5832764664020837
GO:0017056,20,-0.5966347522942969,-0.5256875813145448,0.7152213835080781,0.010200937049710973,structural constituent of nuclear pore,MF,0.8524219330975494,0.026225397549256946,0.026225397549256946,1.5812779196400308
GO:0008097,14,-1.2525849634917803,-0.5756401796376521,0.022724729672806525,0.010267699948973814,5S rRNA binding,MF,0.1210182032575649,0.026262397829439496,0.026262397829439496,1.580665624150844
GO:0030276,30,-0.6295222561679712,-0.41868357392695255,0.7125259031138285,0.010293607494996405,clathrin binding,MF,0.8513715191503535,0.026262397829439496,0.026262397829439496,1.580665624150844
GO:0008289,240,-0.5168299849400765,-0.2684121584138448,0.8892084223899661,0.010378032555343095,lipid binding,MF,0.942146123073847,0.026377499411497033,0.026377499411497033,1.578766377980812
GO:0033558,13,-1.230948258942147,-0.5785653239971698,0.02169217012561941,0.011064320256358935,protein lysine deacetylase activity,MF,0.116443569234325,0.02791037177449942,0.02791037177449942,1.554234378540453
GO:0032977,17,-0.05898076774591437,0.18693070019725097,0.08356119993679165,0.01102387994092277,membrane insertase activity,MF,0.26447908093201505,0.02791037177449942,0.02791037177449942,1.554234378540453
GO:0031492,15,1.2822967338500715,-0.06250853140052634,0.003031689467871612,0.5327703021495256,nucleosomal DNA binding,MF,0.028253661568636828,0.631605782230268,0.028253661568636828,1.5489252612601987
GO:0004520,15,-0.835763059213664,-0.538610307804546,0.24530774182130816,0.01183185850166729,DNA endonuclease activity,MF,0.5049125606199318,0.029705324433402014,0.029705324433402014,1.5271657000162353
GO:0003950,19,-0.6370060307561862,-0.5572938860473593,0.5332034460243116,0.011864421681299165,NAD+ poly-ADP-ribosyltransferase activity,MF,0.7392138683518865,0.029705324433402014,0.029705324433402014,1.5271657000162353
GO:0003887,20,-0.9002790090532224,-0.5193866676067476,0.2264143816838385,0.012465496578881269,DNA-directed DNA polymerase activity,MF,0.4777485852511184,0.030979067423812342,0.030979067423812342,1.5089316601335696
GO:0048306,53,-0.7896598801980362,-0.39430210495633594,0.05316098906456271,0.012432363242711611,calcium-dependent protein binding,MF,0.20500588311679066,0.030979067423812342,0.030979067423812342,1.5089316601335696
GO:0034511,10,-1.0416872627913691,-0.7003149325612862,0.3813197925704773,0.012859969315016116,U3 snoRNA binding,MF,0.619529251367531,0.03184147383902514,0.03184147383902514,1.497006838379658
GO:0043997,11,-0.7600841183612745,-0.5643618541936128,0.4386417309345164,0.013016352508552478,histone H4K12 acetyltransferase activity,MF,0.6614125875439563,0.03211019313690703,0.03211019313690703,1.4933570822241946
GO:0009982,12,-1.2459451213144874,-0.5504329004767652,0.030604529833714523,0.013109828215612143,pseudouridine synthase activity,MF,0.14564283346398896,0.0322223250281163,0.0322223250281163,1.4918431259139844
GO:0016705,36,0.013386924808789018,0.0904759364985746,0.013566395652413039,0.013249678341086124,"oxidoreductase activity, acting on paired donors, with incorporation or reduction of molecular oxygen",MF,0.08507524750251541,0.032447204988572224,0.032447204988572224,1.4888227075021165
GO:0004497,32,0.07572256417687512,0.017682054166073508,0.003779685989232664,0.057603366924316744,monooxygenase activity,MF,0.032514991009937405,0.10699332245128325,0.032514991009937405,1.4879163617340503
GO:0008266,19,-0.6449046483132708,-0.48703951717870686,0.6178035358648626,0.014175012463437761,poly(U) RNA binding,MF,0.7956740356340168,0.034462986539233735,0.034462986539233735,1.4626470895894594
GO:0043015,32,-0.7431822626295207,-0.42066754435955983,0.23058383180584227,0.014175535446838318,gamma-tubulin binding,MF,0.4835054723178755,0.034462986539233735,0.034462986539233735,1.4626470895894594
GO:0061733,25,-0.5171571148893218,-0.4549397642840508,0.792192385990336,0.014646627827515095,protein-lysine-acetyltransferase activity,MF,0.8921288574649021,0.03547973744499144,0.03547973744499144,1.450019602668195
GO:0050681,26,-0.6828758200172409,-0.43671200740061855,0.3128860278289296,0.014850074244251823,nuclear androgen receptor binding,MF,0.5821239422398585,0.03584316481256465,0.03584316481256465,1.445593650796979
GO:0005109,22,0.03992722747813592,0.15029921113635872,0.018024671103718325,0.015216196075377893,frizzled binding,MF,0.10426339922926721,0.03659522425296977,0.03659522425296977,1.4365755871714925
GO:0046965,17,-0.7758707599308723,-0.48345814125954645,0.5527012960142657,0.015503259143361762,nuclear retinoid X receptor binding,MF,0.7537857106210818,0.036888960585800504,0.036888960585800504,1.4331035816452722
GO:0004866,14,0.13968160773090643,0.21535665479019833,0.03240071861702761,0.015452156174221174,endopeptidase inhibitor activity,MF,0.15060461951796772,0.036888960585800504,0.036888960585800504,1.4331035816452722
GO:0030145,60,-0.1267214257749955,-0.07111225797284512,0.004703150758446752,0.1580558814873371,manganese ion binding,MF,0.037955226014285665,0.23524475997526892,0.037955226014285665,1.420728418110845
GO:0004402,27,-0.7099086838937178,-0.4348685690736074,0.5396448083966845,0.016377465018616904,histone acetyltransferase activity,MF,0.746232271337751,0.03883137465544856,0.03883137465544856,1.41081723487995
GO:0043274,22,-0.7825228057338971,-0.4285047515570545,0.2208427102596278,0.016599246271556865,phospholipase binding,MF,0.47254486837364046,0.03921864171906569,0.03921864171906569,1.4065074515690403
GO:0008408,14,-0.9049354126922147,-0.585174264861458,0.2970552952014984,0.017582477244421652,3'-5' exonuclease activity,MF,0.5634410390376797,0.041395937652655895,0.041395937652655895,1.3830422758259358
GO:1990380,18,-0.38023585793363385,-0.45664354599055906,0.46515368377986965,0.018514053476460863,K48-linked deubiquitinase activity,MF,0.6935958262584279,0.04343681777169664,0.04343681777169664,1.3621419991377952
GO:0008234,111,-0.5129685412580852,-0.282429528269365,0.6067110599432965,0.018619147208061296,cysteine-type peptidase activity,MF,0.7874335033306614,0.043531176921983036,0.043531176921983036,1.361199590967728
GO:0030170,39,-0.9487685818700029,-0.3518126936027213,0.006063311342747051,0.07869312009922677,pyridoxal phosphate binding,MF,0.046578099841434246,0.13504624958204903,0.046578099841434246,1.331818232529811
GO:0033130,10,0.4059547310373014,0.2184536468602183,0.006108603257893016,0.0338724922358832,acetylcholine receptor binding,MF,0.046578099841434246,0.06989511341463081,0.046578099841434246,1.331818232529811
GO:0001223,44,-0.8236833176484616,-0.39724791234837736,0.1178666297978532,0.02042683504889554,transcription coactivator binding,MF,0.3316668459306098,0.047446764956748294,0.047446764956748294,1.3237933935492028
GO:0071889,39,-0.7427004539258361,-0.3869276086914059,0.14570475211984624,0.02043534288003019,14-3-3 protein binding,MF,0.3675484536557023,0.047446764956748294,0.047446764956748294,1.3237933935492028
GO:0005507,34,-0.44335049360758305,0.034451172372633086,0.7120685727742411,0.020539048609882784,copper ion binding,MF,0.8513715191503535,0.04752310902493568,0.04752310902493568,1.323095154975396
GO:0008137,17,-1.5895891767513408,0.16469381312322792,0.014238300445627686,0.021084508803483726,NADH dehydrogenase (ubiquinone) activity,MF,0.08846203332422387,0.048451045914854725,0.048451045914854725,1.3146968433779813
GO:0004407,18,-0.9813257427422992,-0.48038636574962423,0.09714692781192875,0.02161702817789168,histone deacetylase activity,MF,0.2909215394530531,0.049505207874966956,0.049505207874966956,1.3053491115231997
